{
  "name": "spiral_mid", "center_re": -7.453000000000e-1, "center_im": 1.127000000000e-1, "frame_width": 1.000000e-2,
  "reflection": { "h": 0.54406, "v": 0.13256, "diag1": 0.38977, "diag2": 0.51994 },
  "winding_pos_defects": [[268,129,1.0000],[280,30,1.0000],[801,35,1.0000]],
  "winding_neg_defects": [[826,105,-1.0000],[701,49,-1.0000],[760,64,-1.0000]]
}
