{
  "name": "spiral_deep", "center_re": -7.453000000000e-1, "center_im": 1.127000000000e-1, "frame_width": 3.500000e-3,
  "reflection": { "h": 0.43950, "v": 0.33447, "diag1": 0.25387, "diag2": 0.29054 },
  "winding_pos_defects": [[609,205,1.0000],[323,441,1.0000],[320,632,1.0000],[335,15,1.0000],[231,37,1.0000],[310,38,1.0000]],
  "winding_neg_defects": []
}
