{
  "run_ts": "steered_run2",
  "mode": "steered",
  "families": [
    "mandelbrot",
    "multibrot3",
    "multibrot4",
    "multibrot5"
  ],
  "julia_hook": true,
  "budget_min": 180.0,
  "lambda_m": 0.5,
  "beta": 0.02,
  "morph_mem": 10420,
  "morph_lo": 0.8775,
  "morph_hi": 0.939,
  "anchor_src": "morph_anchors.json",
  "active_min": 179.83,
  "batches": 341,
  "tau_h": {
    "mandelbrot": 0.06695480719208717,
    "multibrot3": 0.19943304657936095,
    "multibrot4": 0.7739711046218872,
    "multibrot5": 0.19943304657936095,
    "julia:mandelbrot": 0.18439058661460875,
    "julia:multibrot3": 0.31058982014656067,
    "julia:multibrot4": 0.20721471309661865,
    "julia:multibrot5": 0.18631197065114974
  },
  "totals": {
    "expanded": 10765,
    "candidates": 38419,
    "harvest_checks": 6655,
    "canonical_q3": 5005,
    "admitted": 75,
    "q3_dup": 4930,
    "guarded": 0,
    "julia_roots": 66,
    "cap_hits": 205,
    "dead_nodes": 83,
    "novelty_hits": 38256
  },
  "cloud_sizes": {
    "mandelbrot": 21,
    "multibrot3": 14,
    "multibrot4": 12,
    "multibrot5": 19,
    "julia:mandelbrot": 1,
    "julia:multibrot3": 6,
    "julia:multibrot4": 1,
    "julia:multibrot5": 1
  }
}