{
  "name": "seahorse_b", "center_re": -7.430000000000e-1, "center_im": 1.140000000000e-1, "frame_width": 1.200000e-2,
  "reflection": { "h": 0.28235, "v": 0.25344, "diag1": 0.44955, "diag2": 0.55552 },
  "winding_pos_defects": [[822,497,1.0000],[426,23,1.0000],[944,28,1.0000],[538,53,1.0000],[310,58,1.0000]],
  "winding_neg_defects": [[233,52,-1.0000]]
}
