{"mb00_p04_s060_d1b29a2e": [0.00882, 0.0681], "mb00_p04_s060_cacff95e": [0.013, 0.38317], "mb00_p04_s060_4b28cfaa": [0.01361, 0.33916], "mb00_p04_s060_17e066d6": [0.01176, 0.25617], "mb00_p04_s060_670bc9e5": [0.01142, 0.28312], "mb00_p04_s060_2b170a48": [0.00757, 0.19298], "mb00_p04_s060_cd4f5374": [0.00462, 0.0335], "mb00_p04_s140_237484fc": [0.00522, 0.11389], "mb01_p07_s060_53e29ec8": [0.00591, 0.03983], "mb01_p07_s060_74b12a2e": [0.01284, 0.08002], "mb01_p07_s060_0080e42f": [0.01417, 0.09734], "mb01_p07_s060_07a528b9": [0.0136, 0.23465], "mb01_p07_s060_ad10ac05": [0.01592, 0.34617], "mb01_p07_s060_eca3be67": [0.01435, 0.12455], "mb01_p07_s060_3168f1d0": [0.01111, 0.20989], "mb01_p07_s060_51820958": [0.01406, 0.34336], "mb01_p07_s060_8d163c82": [0.01345, 0.10479], "mb02_p10_s060_2c1d82f8": [0.01092, 0.09223], "mb02_p10_s060_9145150c": [0.01732, 0.36673], "mb02_p10_s060_ef70a92e": [0.02132, 0.18775], "mb02_p10_s060_f680318f": [0.02919, 0.43048], "mb02_p10_s060_e3fa9599": [0.02676, 0.27828], "mb02_p10_s060_bdcb1d07": [0.02853, 0.26743], "mb02_p10_s090_8232a55f": [0.01046, 0.09667], "mb02_p10_s140_f175a100": [0.02508, 0.41866], "mb02_p10_s140_72da52eb": [0.00517, 0.05173], "mb02_p10_s140_41144d38": [0.01613, 0.13482], "mb03_p11_s060_76b32a13": [0.01261, 0.08473], "mb03_p11_s060_1b913111": [0.01942, 0.14681], "mb03_p11_s060_719bfc93": [0.01817, 0.16205], "mb03_p11_s060_e542e5b7": [0.01743, 0.12441], "mb03_p11_s060_08ea96dd": [0.01994, 0.14219], "mb03_p11_s060_c450ce22": [0.01315, 0.32284], "mb03_p11_s060_ff363141": [0.00822, 0.05221], "mb04_p13_s060_25727f2c": [0.00699, 0.06181], "mb04_p13_s060_0dc729c2": [0.0182, 0.17074], "mb04_p13_s060_4b9f0e1e": [0.01582, 0.15377], "mb04_p13_s060_c273d415": [0.01976, 0.32723], "mb04_p13_s060_813e31a0": [0.00957, 0.11754], "mb04_p13_s060_365db9c2": [0.01541, 0.22987], "mb04_p13_s060_c3f30f7a": [0.0201, 0.14499], "mb04_p13_s060_e8beb456": [0.01775, 0.17404], "mb04_p13_s060_c5d110d0": [0.01138, 0.08339], "mb05_p14_s060_03d1b18b": [0.0105, 0.07801], "mb05_p14_s060_efe7e195": [0.01379, 0.30843], "mb05_p14_s060_e03a2f96": [0.01851, 0.11621], "mb05_p14_s060_65f3d7ca": [0.00734, 0.09559], "mb05_p14_s060_43ea7964": [0.01108, 0.18701], "mb05_p14_s060_b5c46491": [0.01826, 0.10767], "mb05_p14_s060_e380e46d": [0.02005, 0.16807], "mb05_p14_s090_5bc946b3": [0.00896, 0.18435], "mb05_p14_s140_ee8827f4": [0.00706, 0.03714], "mb05_p14_s140_4b49d57b": [0.00956, 0.05254], "mb06_p15_s060_fcce0ae4": [0.02627, 0.29728], "mb06_p15_s060_f3164fdd": [0.02048, 0.17749], "mb06_p15_s060_0ac04fd7": [0.02247, 0.20249], "mb06_p15_s060_3bd820c7": [0.03781, 0.77366], "mb06_p15_s060_54f1a169": [0.04532, 1.06649], "mb06_p15_s060_5aec3e30": [0.02323, 0.20102], "mb06_p15_s060_266df16d": [0.01106, 0.13062], "mb06_p15_s060_dc725810": [0.02838, 0.36075], "mb06_p15_s060_6a1c1d04": [0.01633, 0.12172], "mb06_p15_s090_3e8f116f": [0.02622, 0.39276], "mb06_p15_s140_6aa42155": [0.01813, 0.27765], "mb07_p16_s060_b7aa9345": [0.01055, 0.08789], "mb07_p16_s060_900025e7": [0.02417, 0.18251], "mb07_p16_s060_15d5a6ab": [0.02633, 0.2631], "mb07_p16_s060_96b62160": [0.01649, 0.14979], "mb07_p16_s060_009cc290": [0.00978, 0.13391], "mb07_p16_s060_4ec4e857": [0.01218, 0.12245], "mb07_p16_s060_f225d979": [0.02538, 0.25146], "mb07_p16_s060_e077b62c": [0.0267, 0.25819], "mb07_p16_s060_a176a5c2": [0.02185, 0.2164], "mb07_p16_s140_042deacf": [0.01604, 0.383], "mb07_p16_s140_1ce96ae1": [0.02173, 0.18873], "mb08_p18_s060_2704dd31": [0.0067, 0.07696], "mb08_p18_s060_24d083ea": [0.02333, 0.19259], "mb08_p18_s060_3c08341d": [0.02153, 0.16703], "mb08_p18_s060_61d50b67": [0.02452, 0.17346], "mb08_p18_s060_576fadf2": [0.01225, 0.2473], "mb08_p18_s060_01fd60a2": [0.00938, 0.14994], "mb08_p18_s060_7f419b93": [0.0099, 0.2028], "mb08_p18_s060_fc36a46d": [0.02601, 0.26498], "mb08_p18_s060_4b02dd11": [0.00566, 0.06776], "mb08_p18_s140_e6096a5b": [0.01147, 0.07848], "mb09_p19_s060_fbfbf8cc": [0.02791, 0.25837], "mb09_p19_s060_13cff66e": [0.01988, 0.20199], "mb09_p19_s060_6a6b49be": [0.02623, 0.24009], "mb09_p19_s060_c30dec6f": [0.02179, 0.13662], "mb09_p19_s060_7e71dcfb": [0.00614, 0.07024], "mb09_p19_s060_eb15a4e8": [0.01674, 0.13867], "mb09_p19_s060_18456e8c": [0.02418, 0.81282], "mb09_p19_s060_37408df0": [0.02438, 0.28466], "mb09_p19_s140_5c3ad29f": [0.00748, 0.14587], "mb09_p19_s140_120c7666": [0.01418, 0.10372], "mb09_p19_s140_67385c51": [0.01257, 0.09808], "mb10_p21_s060_940ec7e2": [0.02341, 0.25942], "mb10_p21_s060_2904c070": [0.02503, 0.23161], "mb10_p21_s060_87f92ba1": [0.02256, 0.17789], "mb10_p21_s060_cbd55099": [0.013, 0.08585], "mb10_p21_s060_80b287d3": [0.02565, 0.21569], "mb10_p21_s060_32685ece": [0.01099, 0.22486], "mb10_p21_s060_43e64c81": [0.02262, 0.20025], "mb10_p21_s060_11b2ec10": [0.00587, 0.05803], "mb10_p21_s090_d99acb9f": [0.01483, 0.10693], "mb10_p21_s090_fcfae0fa": [0.0182, 0.15604], "mb10_p21_s090_020ea986": [0.01523, 0.3663], "mb11_p23_s060_8a6ac5f2": [0.01998, 0.19123], "mb11_p23_s060_445d2a56": [0.01875, 0.13242], "mb11_p23_s060_23773ff3": [0.00935, 0.09656], "mb11_p23_s060_9c61cad9": [0.02586, 0.18239], "mb11_p23_s060_474f2a44": [0.02507, 0.20338], "mb11_p23_s060_f5fa1734": [0.00948, 0.20613], "mb11_p23_s090_15d5b98c": [0.01907, 0.16613], "mb11_p23_s140_6cad20f0": [0.01203, 0.07894], "mb11_p23_s140_373b6397": [0.00684, 0.11429], "mb12_p27_s060_da6f9268": [0.01294, 0.10913], "mb12_p27_s060_532f12f9": [0.0187, 0.14226], "mb12_p27_s060_252b4990": [0.02336, 0.14314], "mb12_p27_s060_eac257bf": [0.02524, 0.43647], "mb12_p27_s060_b1209dcb": [0.02343, 0.14281], "mb12_p27_s060_d34c726f": [0.02081, 0.13074], "mb12_p27_s060_8d2df626": [0.02099, 0.15679], "mb12_p27_s060_33f592f2": [0.01823, 0.11471], "mb12_p27_s090_d336c4bb": [0.01641, 0.14064], "mb12_p27_s090_1450e1dd": [0.01438, 0.09609], "mb12_p27_s140_9a420c7d": [0.01715, 0.35116], "mb13_p29_s060_a7f981fe": [0.01782, 0.14854], "mb13_p29_s060_a997e940": [0.00688, 0.05592], "mb13_p29_s060_efd54478": [0.02334, 0.20938], "mb13_p29_s060_9d6c4fcd": [0.00458, 0.05037], "mb13_p29_s060_88c8835d": [0.02256, 0.22546], "mb13_p29_s060_60f74a1e": [0.02222, 0.1289], "mb13_p29_s060_3009f6f0": [0.02329, 0.16166], "mb13_p29_s060_e119c722": [0.01171, 0.08993], "mb13_p29_s060_e421e92e": [0.02419, 0.21678], "mb13_p29_s060_26fb594d": [0.01333, 0.09936], "mb14_p30_s060_338a48c5": [0.02789, 0.22132], "mb14_p30_s060_eab7bd7f": [0.00773, 0.09724], "mb14_p30_s060_7b51cff5": [0.01802, 0.20419], "mb14_p30_s060_b36486a4": [0.01673, 0.14196], "mb14_p30_s060_922c3387": [0.0259, 0.31812], "mb14_p30_s060_8a18e3b7": [0.0246, 0.22991], "mb14_p30_s060_06517a5a": [0.01337, 0.13989], "mb14_p30_s060_1aa81d19": [0.01934, 0.18453], "mb14_p30_s060_925562b2": [0.02049, 0.23739], "mb14_p30_s060_c7573c53": [0.01229, 0.13107], "mb14_p30_s060_65c541a2": [0.02392, 0.27934], "mb15_p31_s060_3c0bd996": [0.02903, 0.49624], "mb15_p31_s060_61283dce": [0.01927, 0.1982], "mb15_p31_s060_1a3c8dca": [0.01482, 0.17165], "mb15_p31_s060_096aae6b": [0.02465, 0.2219], "mb15_p31_s060_a9a5482b": [0.02553, 0.45368], "mb15_p31_s060_3e548525": [0.0155, 0.1661], "mb15_p31_s060_7f96c0ed": [0.00737, 0.11594], "mb15_p31_s060_98479532": [0.05263, 0.85173], "mb15_p31_s060_478c5e6d": [0.05134, 0.81448], "mb15_p31_s060_a950e802": [0.05592, 1.18079], "mb15_p31_s140_41dc4cd4": [0.01593, 0.15019], "mb16_p32_s060_b26ec810": [0.00432, 0.06661], "mb16_p32_s060_996736d0": [0.02219, 0.15576], "mb16_p32_s060_a093f9f4": [0.02355, 0.15347], "mb16_p32_s060_c9b8046d": [0.00759, 0.07434], "mb16_p32_s060_1575bb10": [0.02411, 0.13547], "mb16_p32_s060_ea62483a": [0.02293, 0.22974], "mb16_p32_s060_d29d3cba": [0.01914, 0.12598], "mb16_p32_s060_712d5eff": [0.01131, 0.10755], "mb16_p32_s060_ffa1469e": [0.01929, 0.15325], "mb16_p32_s140_2bf18d0f": [0.0185, 0.13466], "mb16_p32_s140_251f2b7a": [0.01468, 0.09442], "mb17_p33_s060_699ff649": [0.02618, 0.36008], "mb17_p33_s060_521b236b": [0.02497, 0.3118], "mb17_p33_s060_60ac7172": [0.02541, 0.25875], "mb17_p33_s060_27f6c210": [0.02584, 0.28807],