{
  "run_ts": "breadth",
  "mode": "steered",
  "families": [
    "mandelbrot",
    "multibrot3",
    "multibrot4",
    "multibrot5"
  ],
  "julia_hook": true,
  "budget_min": 864.0,
  "lambda_m": 0.5,
  "beta": 0.02,
  "recency_k": 8,
  "morph_mem": 570,
  "morph_perm": 314,
  "morph_recency": 256,
  "morph_lo": 0.8775,
  "morph_hi": 0.939,
  "anchor_src": "morph_anchors.json",
  "sat_cos": 0.9328,
  "sat_frac": 0.7349,
  "active_min": 864.0,
  "batches": 2443,
  "tau_h": {
    "mandelbrot": 0.20102782547473907,
    "multibrot3": 0.20102782547473907,
    "multibrot4": 0.7739711046218872,
    "multibrot5": 0.20102782547473907,
    "julia:mandelbrot": 0.18439058661460875,
    "julia:multibrot3": 0.31058982014656067,
    "julia:multibrot4": 0.20721471309661865,
    "julia:multibrot5": 0.18631197065114974
  },
  "totals": {
    "expanded": 77975,
    "candidates": 276968,
    "harvest_checks": 31888,
    "canonical_q3": 23428,
    "admitted": 314,
    "q3_dup": 23114,
    "guarded": 0,
    "julia_roots": 225,
    "cap_hits": 1548,
    "dead_nodes": 639,
    "novelty_hits": 274651,
    "nov_scored": 276968,
    "sat_hits": 203531
  },
  "cloud_sizes": {
    "mandelbrot": 69,
    "multibrot3": 89,
    "multibrot4": 25,
    "multibrot5": 85,
    "julia:mandelbrot": 2,
    "julia:multibrot3": 23,
    "julia:multibrot4": 12,
    "julia:multibrot5": 9
  }
}