{
  "name": "spiral_wide", "center_re": -7.453000000000e-1, "center_im": 1.127000000000e-1, "frame_width": 3.000000e-2,
  "reflection": { "h": 0.36831, "v": 0.18064, "diag1": 0.23809, "diag2": 0.27345 },
  "winding_pos_defects": [[814,81,1.0000],[596,124,1.0000],[679,184,1.0000],[592,253,1.0000],[523,565,1.0000],[775,88,1.0000]],
  "winding_neg_defects": []
}
