{
  "name": "seahorse_a", "center_re": -7.454000000000e-1, "center_im": 1.132000000000e-1, "frame_width": 1.800000e-2,
  "reflection": { "h": 0.41165, "v": 0.14073, "diag1": 0.41456, "diag2": 0.26135 },
  "winding_pos_defects": [[666,75,1.0000],[570,218,1.0000],[410,236,1.0000],[871,359,1.0000],[850,527,1.0000]],
  "winding_neg_defects": [[555,546,-1.0000]]
}
